id_pedido,id_cliente,fecha_pedido,categoria,cantidad,valor_total
1,4,2026-01-08,Alimentos,4,260000
2,1,2026-01-18,Tecnología,1,1245000
3,12,2026-01-27,Tecnología,7,14700000
4,2,2026-01-29,Hogar,3,2085000
5,9,2026-02-10,Hogar,4,1700000
6,5,2026-02-12,Hogar,2,140000
7,2,2026-02-13,Alimentos,2,330000
8,11,2026-02-25,Alimentos,4,580000
9,1,2026-02-27,Alimentos,3,705000
10,7,2026-03-04,Alimentos,4,260000
11,10,2026-03-12,Alimentos,10,1450000
12,8,2026-03-20,Alimentos,2,390000
13,5,2026-03-26,Hogar,2,510000
14,8,2026-03-29,Hogar,9,4005000
15,11,2026-04-07,Alimentos,4,740000
16,11,2026-04-08,Hogar,3,270000
17,7,2026-04-11,Hogar,3,1515000
18,7,2026-04-11,Alimentos,2,130000
19,10,2026-04-17,Oficina,10,1650000
20,2,2026-04-30,Tecnología,1,985000
21,10,2026-05-02,Oficina,7,4445000
22,5,2026-05-07,Alimentos,8,600000
23,10,2026-05-10,Alimentos,10,2000000
24,9,2026-05-14,Alimentos,4,220000
25,3,2026-05-14,Oficina,6,4980000
26,4,2026-05-15,Hogar,4,2720000
27,6,2026-05-15,Hogar,1,90000
28,6,2026-05-16,Alimentos,4,200000
29,2,2026-05-24,Alimentos,4,940000
30,4,2026-05-24,Oficina,1,230000
31,11,2026-05-24,Alimentos,2,480000
32,5,2026-05-25,Alimentos,6,1380000
33,7,2026-06-01,Alimentos,1,180000
34,8,2026-06-03,Alimentos,8,360000
35,2,2026-06-07,Hogar,2,380000
36,4,2026-06-07,Alimentos,2,410000
37,2,2026-06-10,Tecnología,1,1405000
38,10,2026-06-11,Alimentos,2,190000
39,4,2026-06-13,Oficina,1,140000
40,12,2026-06-25,Hogar,8,1320000
